<?xml version="1.0" encoding="UTF-8"?>

<!DOCTYPE hibernate-configuration SYSTEM 
"http://www.hibernate.org/dtd/hibernate-configuration-3.0.dtd">
<hibernate-configuration>
   <session-factory>
   
      <property name = "hibernate.dialect">
         org.hibernate.dialect.MySQL5Dialect
      </property>
      
      <property name = "hibernate.connection.driver_class">
         com.mysql.jdbc.Driver
      </property>
      
      <property name="hibernate.hbm2ddl.auto">update</property>
      
      <property name = "hibernate.connection.url">
         jdbc:mysql://localhost:3306/world
      </property>
      
      <property name = "hibernate.connection.username">
         root
      </property>
      
      <property name = "hibernate.connection.password">
         root
      </property>
      
      <!-- List of XML mapping files -->
      <mapping class = "com.virtusa.HibernateAnnotation.Employee"/>
      <mapping class = "com.virtusa.HibernateAnnotation.Vehicle"/>
   </session-factory>
</hibernate-configuration>